<?xml version="1.0"?>
<data grt_format="2.0">
  <value _ptr_="00000235521F9400" type="list" content-type="object" content-struct-name="db.mgmt.ServerInstance">
    <value type="object" struct-name="db.mgmt.ServerInstance" id="{4419EC93-A48D-4C8E-8C8E-3175129E5743}" struct-checksum="0x367436e2">
      <link type="object" struct-name="db.mgmt.Connection" key="connection">{AB0E77FD-E765-4C5C-8D7F-090C3CD94763}</link>
      <value _ptr_="00000235535ACAD0" type="dict" key="loginInfo">
        <value type="string" key="wmi.hostName"></value>
        <value type="string" key="wmi.userName"></value>
      </value>
      <value _ptr_="00000235535ACE90" type="dict" key="serverInfo">
        <value type="int" key="setupPending">1</value>
        <value type="string" key="sys.config.path">C:\ProgramData\MySQL\MySQL Server 8.0\my.ini</value>
        <value type="int" key="sys.config.path.lock">1</value>
        <value type="string" key="sys.config.section">mysqld</value>
        <value type="string" key="sys.mysqld.service_name">MySQL80</value>
        <value type="string" key="sys.preset">Custom</value>
        <value type="string" key="sys.system">Windows</value>
        <value type="int" key="windowsAdmin">1</value>
      </value>
      <value type="string" key="name">Local MySQL80</value>
    </value>
    <value type="object" struct-name="db.mgmt.ServerInstance" id="{1A1A4743-EC68-4AA6-9589-BEF9E3116D42}" struct-checksum="0x367436e2">
      <link type="object" struct-name="db.mgmt.Connection" key="connection">{0A32A3BE-0672-4269-A725-24090B81EC44}</link>
      <value _ptr_="00000235535ADD30" type="dict" key="loginInfo">
        <value type="string" key="ssh.hostName"></value>
        <value type="string" key="ssh.key">C:\Users\CLienT\AppData\Roaming/.ssh/ssh_private_key</value>
        <value type="string" key="ssh.localPort">3306</value>
        <value type="int" key="ssh.useKey">0</value>
        <value type="string" key="ssh.userName">mysql</value>
      </value>
      <value _ptr_="00000235535AD430" type="dict" key="serverInfo">
        <value type="string" key="basedir">C:\Program Files\MySQL\MySQL Server 8.0\</value>
        <value type="string" key="datadir">C:\ProgramData\MySQL\MySQL Server 8.0\Data\</value>
        <value type="string" key="errorLogFilePath">GAIL.err</value>
        <value type="string" key="generalLogFilePath">GAIL.log</value>
        <value type="string" key="serverVersion">8.0.36</value>
        <value type="int" key="setupPending">1</value>
        <value type="int" key="slowLogEnabled">1</value>
        <value type="string" key="slowLogFilePath">GAIL-slow.log</value>
        <value type="int" key="sys.usesudo">0</value>
        <value type="int" key="sys.usesudostatus">0</value>
        <value type="int" key="windowsAdmin">1</value>
      </value>
      <value type="string" key="name">test</value>
    </value>
    <value type="object" struct-name="db.mgmt.ServerInstance" id="{4A0D5A35-0609-4D8D-BF61-174BCB71E9A4}" struct-checksum="0x367436e2">
      <link type="object" struct-name="db.mgmt.Connection" key="connection">{6A06ABAF-5D0D-401C-8E0A-5AC9C996E3E4}</link>
      <value _ptr_="00000235535AEED0" type="dict" key="loginInfo">
        <value type="string" key="ssh.hostName"></value>
        <value type="string" key="ssh.key">C:\Users\CLienT\AppData\Roaming/.ssh/ssh_private_key</value>
        <value type="string" key="ssh.localPort">3306</value>
        <value type="int" key="ssh.useKey">0</value>
        <value type="string" key="ssh.userName">mysql</value>
      </value>
      <value _ptr_="00000235535AEAB0" type="dict" key="serverInfo">
        <value type="int" key="setupPending">1</value>
        <value type="int" key="windowsAdmin">1</value>
      </value>
      <value type="string" key="name">new connection</value>
    </value>
    <value type="object" struct-name="db.mgmt.ServerInstance" id="{C15B3832-2247-43D5-96A4-41A6A5DDB18E}" struct-checksum="0x367436e2">
      <link type="object" struct-name="db.mgmt.Connection" key="connection">{DB0FCF1A-E1E4-4EB5-A020-BE649407F932}</link>
      <value _ptr_="00000235535AEB10" type="dict" key="loginInfo">
        <value type="string" key="ssh.port">22</value>
        <value type="int" key="ssh.useKey">0</value>
        <value type="string" key="wmi.hostName">127.0.0.1</value>
        <value type="string" key="wmi.userName"></value>
      </value>
      <value _ptr_="00000235535AEFF0" type="dict" key="serverInfo">
        <value type="string" key="basedir">C:\Program Files\MySQL\MySQL Server 8.0\</value>
        <value type="string" key="datadir">C:\ProgramData\MySQL\MySQL Server 8.0\Data\</value>
        <value type="string" key="detected_os_name">Windows 10 Pro</value>
        <value type="string" key="detected_os_type">windows</value>
        <value type="string" key="detected_os_variant">Windows</value>
        <value type="string" key="detected_os_version">Microsoft Windows [Version 10.0.19045.2846]</value>
        <value type="string" key="errorLogFilePath">GAIL.err</value>
        <value type="string" key="generalLogFilePath">GAIL.log</value>
        <value type="string" key="serverVersion">8.0.36</value>
        <value type="int" key="setupPending">0</value>
        <value type="int" key="slowLogEnabled">1</value>
        <value type="string" key="slowLogFilePath">GAIL-slow.log</value>
        <value type="string" key="sys.config.path">C:\ProgramData\MySQL\MySQL Server 8.0\my.ini</value>
        <value type="string" key="sys.config.section">mysqld</value>
        <value type="string" key="sys.mysqld.service_name">MySQL80</value>
        <value type="string" key="sys.preset"></value>
        <value type="string" key="sys.sudo"></value>
        <value type="string" key="sys.system">Windows</value>
        <value type="int" key="sys.usesudo">1</value>
        <value type="int" key="sys.usesudostatus">0</value>
        <value type="int" key="windowsAdmin">1</value>
      </value>
      <value type="string" key="name"> instance</value>
    </value>
    <value type="object" struct-name="db.mgmt.ServerInstance" id="{6910B7ED-F14A-4EA9-941D-39A135FD9ECD}" struct-checksum="0x367436e2">
      <link type="object" struct-name="db.mgmt.Connection" key="connection">{DB0FCF1A-E1E4-4EB5-A020-BE649407F932}</link>
      <value _ptr_="00000235535AF710" type="dict" key="loginInfo">
        <value type="string" key="ssh.hostName"></value>
        <value type="string" key="ssh.key">C:\Users\CLienT\AppData\Roaming/.ssh/ssh_private_key</value>
        <value type="string" key="ssh.localPort">3306</value>
        <value type="int" key="ssh.useKey">0</value>
        <value type="string" key="ssh.userName">mysql</value>
      </value>
      <value _ptr_="00000235535AE330" type="dict" key="serverInfo">
        <value type="int" key="setupPending">1</value>
        <value type="int" key="windowsAdmin">1</value>
      </value>
      <value type="string" key="name">MotorPHProject</value>
    </value>
    <value type="object" struct-name="db.mgmt.ServerInstance" id="{FDB8677C-C58D-4B6C-BDC3-AD3B204A48A6}" struct-checksum="0x367436e2">
      <link type="object" struct-name="db.mgmt.Connection" key="connection">{179156D6-7577-4B87-88C7-DBB81EBE78F2}</link>
      <value _ptr_="00000235535AF830" type="dict" key="loginInfo">
        <value type="string" key="ssh.hostName"></value>
        <value type="string" key="ssh.key">C:\Users\CLienT\AppData\Roaming/.ssh/ssh_private_key</value>
        <value type="string" key="ssh.localPort">3306</value>
        <value type="int" key="ssh.useKey">0</value>
        <value type="string" key="ssh.userName">mysql</value>
      </value>
      <value _ptr_="00000235535AE8D0" type="dict" key="serverInfo">
        <value type="int" key="setupPending">1</value>
        <value type="int" key="windowsAdmin">1</value>
      </value>
      <value type="string" key="name">MotorPHCP1</value>
    </value>
  </value>
</data>
